{
	"AWSTemplateFormatVersion": "2010-09-09",
	"Description": "Lambda resource stack creation using Amplify CLI",
	"Parameters": {
		"env": {
			"Type": "String"
		},
		"storagedynamodbitemsName": {
			"Type": "String",
			"Default": "storagedynamodbitemsName"
		},
		"storagedynamodbitemsArn": {
			"Type": "String",
			"Default": "storagedynamodbitemsArn"
		}
	},
	"Conditions": {
		"ShouldNotCreateEnvResources": {
			"Fn::Equals": [
				{
					"Ref": "env"
				},
				"NONE"
			]
		}
	},
	"Resources": {
		"LambdaFunction": {
			"Type": "AWS::Lambda::Function",
			"Metadata": {
				"aws:asset:path": "./src",
				"aws:asset:property": "Code"
			},
			"Properties": {
				"Handler": "index.handler",
				"FunctionName": {
					"Fn::If": [
						"ShouldNotCreateEnvResources",
						"awsamplifyecommerce-items",
						{
							"Fn::Join": [
								"",
								[
									"awsamplifyecommerce-items",
									"-",
									{
										"Ref": "env"
									}
								]
							]
						}
					]
				},
				"Environment": {
					"Variables": {
						"ENV": {
							"Ref": "env"
						},
						"REGION": {
							"Ref": "AWS::Region"
						}
					}
				},
				"Role": {
					"Fn::GetAtt": [
						"LambdaExecutionRole",
						"Arn"
					]
				},
				"Runtime": "nodejs10.x",
				"Timeout": "25",
				"Code": {
					"S3Bucket": "amplify-awsamplifyecommerce-alpha-235957-deployment",
					"S3Key": "amplify-builds/lambdaitems-594f2f4e375a77584c61-build.zip"
				}
			}
		},
		"LambdaExecutionRole": {
			"Type": "AWS::IAM::Role",
			"Properties": {
				"RoleName": {
					"Fn::If": [
						"ShouldNotCreateEnvResources",
						"awsamplifyecommerceLambdaRole9cbc3411",
						{
							"Fn::Join": [
								"",
								[
									"awsamplifyecommerceLambdaRole9cbc3411",
									"-",
									{
										"Ref": "env"
									}
								]
							]
						}
					]
				},
				"AssumeRolePolicyDocument": {
					"Version": "2012-10-17",
					"Statement": [
						{
							"Effect": "Allow",
							"Principal": {
								"Service": [
									"lambda.amazonaws.com"
								]
							},
							"Action": [
								"sts:AssumeRole"
							]
						}
					]
				}
			}
		},
		"lambdaexecutionpolicy": {
			"DependsOn": [
				"LambdaExecutionRole"
			],
			"Type": "AWS::IAM::Policy",
			"Properties": {
				"PolicyName": "lambda-execution-policy",
				"Roles": [
					{
						"Ref": "LambdaExecutionRole"
					}
				],
				"PolicyDocument": {
					"Version": "2012-10-17",
					"Statement": [
						{
							"Effect": "Allow",
							"Action": [
								"logs:CreateLogGroup",
								"logs:CreateLogStream",
								"logs:PutLogEvents"
							],
							"Resource": {
								"Fn::Sub": [
									"arn:aws:logs:${region}:${account}:log-group:/aws/lambda/${lambda}:log-stream:*",
									{
										"region": {
											"Ref": "AWS::Region"
										},
										"account": {
											"Ref": "AWS::AccountId"
										},
										"lambda": {
											"Ref": "LambdaFunction"
										}
									}
								]
							}
						},
						{
							"Effect": "Allow",
							"Action": [
								"dynamodb:GetItem",
								"dynamodb:Query",
								"dynamodb:Scan",
								"dynamodb:PutItem",
								"dynamodb:UpdateItem",
								"dynamodb:DeleteItem",
								"dynamodb:BatchWriteItem"
							],
							"Resource": [
								{
									"Ref": "storagedynamodbitemsArn"
								},
								{
									"Fn::Join": [
										"/",
										[
											{
												"Ref": "storagedynamodbitemsArn"
											},
											"index/*"
										]
									]
								}
							]
						}
					]
				}
			}
		}
	},
	"Outputs": {
		"Name": {
			"Value": {
				"Ref": "LambdaFunction"
			}
		},
		"Arn": {
			"Value": {
				"Fn::GetAtt": [
					"LambdaFunction",
					"Arn"
				]
			}
		},
		"Region": {
			"Value": {
				"Ref": "AWS::Region"
			}
		},
		"LambdaExecutionRole": {
			"Value": {
				"Ref": "LambdaExecutionRole"
			}
		}
	}
}