{
    "identityPoolName": "awsamplifyecommerceauth_ip",
    "allowUnauthenticatedIdentities": true,
    "resourceNameTruncated": "awsamp30c6daf4",
    "userPoolName": "awsamplifyecommerceauth_up",
    "autoVerifiedAttributes": [
        "email"
    ],
    "mfaConfiguration": "OFF",
    "mfaTypes": [
        "SMS Text Message"
    ],
    "smsAuthenticationMessage": "Your authentication code is {####}",
    "smsVerificationMessage": "Your verification code is {####}",
    "emailVerificationSubject": "Your verification code",
    "emailVerificationMessage": "Your verification code is {####}",
    "defaultPasswordPolicy": false,
    "passwordPolicyMinLength": 8,
    "passwordPolicyCharacters": [],
    "requiredAttributes": [
        "email",
        "family_name",
        "given_name"
    ],
    "userpoolClientGenerateSecret": true,
    "userpoolClientRefreshTokenValidity": 30,
    "userpoolClientWriteAttributes": [
        "email",
        "family_name",
        "given_name",
        "custom:country",
        "custom:street",
        "custom:city",
        "custom:state",
        "custom:postcode"
    ],
    "userpoolClientReadAttributes": [
        "email",
        "family_name",
        "given_name",
        "email_verified",
        "custom:country",
        "custom:street",
        "custom:city",
        "custom:state",
        "custom:postcode"
    ],
    "userpoolClientLambdaRole": "awsamp30c6daf4_userpoolclient_lambda_role",
    "userpoolClientSetAttributes": true,
    "useDefault": "manual",
    "authSelections": "identityPoolAndUserPool",
    "resourceName": "awsamplifyecommerceauth",
    "thirdPartyAuth": false,
    "usernameAttributes": [
        "email"
    ],
    "userPoolGroups": false,
    "adminQueries": false,
    "triggers": "{}",
    "hostedUI": false,
    "userPoolGroupList": [],
    "authRoleArn": {
        "Fn::GetAtt": [
            "AuthRole",
            "Arn"
        ]
    },
    "unauthRoleArn": {
        "Fn::GetAtt": [
            "UnauthRole",
            "Arn"
        ]
    },
    "parentStack": {
        "Ref": "AWS::StackId"
    },
    "permissions": [],
    "dependsOn": []
}